<?xml version="1.0" encoding="utf-8"?>
<ApplicationInstallerManifest>
   <DefaultInstallationDirectory>/Applications/NNSR/</DefaultInstallationDirectory>
   <ApplicationName>NNSR_Toolbox</ApplicationName>
   <ExecutableName>application/NNSR_Toolbox.exe</ExecutableName>
   <GUID>2232c598-bace-4a57-947d-cbb0d54782cb</GUID>
   <ApplicationIcon>icon_48.png</ApplicationIcon>
   <Logo>logo7120528427254905166.jpg</Logo>
   <Version>0.2</Version>
   <AuthorOrganization>NERCN Lab</AuthorOrganization>
   <Summary>NNSR是专业的脑深部电信号智能分析平台。
集成深度学习伪迹识别与实时处理技术，支持DBS-LFP信号自动化分析以及在线处理。</Summary>
   <WelcomePanelText>NNSR_Toolbox 0.2
NNSR是专业的脑深部电信号智能分析平台。
集成深度学习伪迹识别与实时处理技术，支持DBS-LFP信号自动化分析以及在线处理。

基于MATLAB的appdesigner构建编译的独立运行系统

Lingxiao Guan@NERCN Lab
guanlx18@tsinghua.org.cn</WelcomePanelText>
   <MCRProducts>
      <MCRProduct>
         <ExternalProductIdentifier>35000</ExternalProductIdentifier>
      </MCRProduct>
      <MCRProduct>
         <ExternalProductIdentifier>35002</ExternalProductIdentifier>
      </MCRProduct>
      <MCRProduct>
         <ExternalProductIdentifier>35003</ExternalProductIdentifier>
      </MCRProduct>
      <MCRProduct>
         <ExternalProductIdentifier>35010</ExternalProductIdentifier>
      </MCRProduct>
      <MCRProduct>
         <ExternalProductIdentifier>35106</ExternalProductIdentifier>
      </MCRProduct>
      <MCRProduct>
         <ExternalProductIdentifier>35108</ExternalProductIdentifier>
      </MCRProduct>
      <MCRProduct>
         <ExternalProductIdentifier>35112</ExternalProductIdentifier>
      </MCRProduct>
      <MCRProduct>
         <ExternalProductIdentifier>35117</ExternalProductIdentifier>
      </MCRProduct>
      <MCRProduct>
         <ExternalProductIdentifier>35119</ExternalProductIdentifier>
      </MCRProduct>
      <MCRProduct>
         <ExternalProductIdentifier>35124</ExternalProductIdentifier>
      </MCRProduct>
      <MCRProduct>
         <ExternalProductIdentifier>35160</ExternalProductIdentifier>
      </MCRProduct>
      <MCRProduct>
         <ExternalProductIdentifier>35180</ExternalProductIdentifier>
      </MCRProduct>
      <MCRProduct>
         <ExternalProductIdentifier>35274</ExternalProductIdentifier>
      </MCRProduct>
      <MCRProduct>
         <ExternalProductIdentifier>35380</ExternalProductIdentifier>
      </MCRProduct>
   </MCRProducts>
</ApplicationInstallerManifest>