<?xml version="1.0" encoding="utf-8"?>
<productAdditionalComps>
   <dependsOn>
      <component>
         <name>NNSR_Toolbox</name>
         <locale/>
         <platformList>
            <platform>maca64</platform>
         </platformList>
         <version>0.2</version>
      </component>
   </dependsOn>
   <isControllingProduct>true</isControllingProduct>
   <platform>maca64</platform>
   <productName>NNSR_Toolbox</productName>
   <productNumber>5000</productNumber>
   <productBaseCode>NNSR_Toolbox</productBaseCode>
   <productVersion>0.2</productVersion>
   <releaseFamily>R2024b</releaseFamily>
   <releaseDescription>R2024b</releaseDescription>
</productAdditionalComps>